filename,width,height,class,xmin,ymin,xmax,ymax
suv-rear-tire-2773267_960_720_jpg.rf.9445ec7d716f32869a5e176b542d50a8.jpg,640,640,Tire,117,49,506,623
20_20_l_jpg.rf.9ec4fff3a530d041f5231910b86805f1.jpg,640,640,Tire,42,24,596,615
automotive-1845881_960_720_jpg.rf.9c0490e9a95cb05fdcead5659551ed99.jpg,640,640,Tire,219,110,530,604
IMG_0625_JPEG_jpg.rf.99fdf426221d6e45271c0ce8317586a0.jpg,640,640,Tire,222,140,436,406
IMG_0641_JPEG_jpg.rf.95c448565d0faa72e46b69d96fd27c68.jpg,640,640,Tire,92,82,493,609
IMG_0633_JPEG_jpg.rf.9f58ee548ca6ab9d8d48b96ced74a302.jpg,640,640,Tire,85,18,443,467
IMG_1040_JPEG_jpg.rf.99bc1f48e6210d1e179f3e8a87933b96.jpg,640,640,Tire,309,199,495,333
IMG_0870_JPEG_jpg.rf.9d2b09e5eb8c169083da4a7002d0e34e.jpg,640,640,Tire,97,360,325,638
22_19_l_jpg.rf.99e6a1918f861fe4968fcf6d8a73d7f6.jpg,640,640,Tire,30,8,624,631
IMG_0904_JPEG_jpg.rf.9a076a23bbd338249a1331cd1aa80f07.jpg,640,640,Tire,338,66,472,245
IMG_1032_JPEG_jpg.rf.9ace8164488117fcbd29f39fe0453fe8.jpg,640,640,Tire,209,305,286,399
IMG_0736_JPEG_jpg.rf.9a6d136fb0f042441b2770c6a59d1b0c.jpg,640,640,Tire,367,248,488,400
IMG_0950_JPEG_jpg.rf.9bc88651590548ab6a0cbd70d031fb93.jpg,640,640,Tire,318,133,432,285
IMG_0710_JPEG_jpg.rf.9886e83ea3cf5da43b27f8e811f77fb3.jpg,640,640,Tire,184,289,545,549
IMG_1031_JPEG_jpg.rf.953ee429a76f6abe43bfbff6998919e4.jpg,640,640,Tire,92,234,254,438
IMG_0706_JPEG_jpg.rf.9f85b47808624d7d6dc6d2b91ea6b71f.jpg,640,640,Tire,167,235,547,507
IMG_0697_JPEG_jpg.rf.9fc630b616bb9a1f567dbff2b1fd0543.jpg,640,640,Tire,269,196,480,338
pexels-photo-5628284_jpeg_jpg.rf.95ecb6de04c0d79e7c17898a9e8b0950.jpg,640,640,Tire,148,222,472,493
IMG_0649_JPEG_jpg.rf.94ee54e406d06783b5bdf6e2f5f7ca5b.jpg,640,640,Tire,120,163,545,489
IMG_0663_JPEG_jpg.rf.954bb641c4c7074ff3df5c99b3b67392.jpg,640,640,Tire,152,62,528,345
IMG_0638_JPEG_jpg.rf.9cece80f787fad51e2c1ff048d4a0c5d.jpg,640,640,Tire,79,73,503,612
IMG_1001_JPEG_jpg.rf.a0121360bbd477434190f3475e4c8400.jpg,640,640,Tire,147,203,493,454
IMG_1009_JPEG_jpg.rf.9f408008266ecab6827a96250f465242.jpg,640,640,Tire,133,129,416,482
IMG_0860_JPEG_jpg.rf.a0893947b7dfad3d22826f3d613ad9e0.jpg,640,640,Tire,187,136,444,458
detail-5211609_960_720_jpg.rf.97003b63c2e26f7caef2edf26308a6db.jpg,640,640,Tire,196,376,445,627
6_l_jpg.rf.9ed84ecc84ad58522803017c553f760e.jpg,640,640,Tire,17,0,626,638
IMG_0758_JPEG_jpg.rf.9e996c2ce6d1660672c3810622ce7352.jpg,640,640,Tire,166,238,289,393
IMG_0743_JPEG_jpg.rf.a4e4d323c6afe8334a01d3d99631cb83.jpg,640,640,Tire,163,166,294,337
IMG_0685_JPEG_jpg.rf.a198f17f21de941ce6b00f6eb87df0a5.jpg,640,640,Tire,185,198,359,419
pexels-photo-10182858_jpeg_jpg.rf.b1adb949848f0ff7849783cef8e89fd7.jpg,640,640,Tire,4,73,639,582
IMG_1053_JPEG_jpg.rf.a61215366f70b74d3c2178a92d224796.jpg,640,640,Tire,279,142,522,456
IMG_0708_JPEG_jpg.rf.a176a31999774b2b75644740813f9e44.jpg,640,640,Tire,64,272,467,568
IMG_0716_JPEG_jpg.rf.b2646288aad3d505f55b264ae13289a3.jpg,640,640,Tire,0,194,438,514
pexels-photo-11742993_jpeg_jpg.rf.accff7aad5bd9792402a73d6da672715.jpg,640,640,Tire,138,242,622,561
IMG_0839_JPEG_jpg.rf.afa7efb67bea1ed1d177d47c6c686710.jpg,640,640,Tire,211,179,451,496
IMG_0686_JPEG_jpg.rf.a33490ff38f1877f2b5a97e70d88ceaf.jpg,640,640,Tire,211,246,392,472
IMG_0659_JPEG_jpg.rf.a8eab717f4b39550d4486f2a9a86b0a1.jpg,640,640,Tire,191,173,326,359
IMG_0659_JPEG_jpg.rf.a8eab717f4b39550d4486f2a9a86b0a1.jpg,640,640,Tire,118,63,153,149
pexels-photo-5628254_jpeg_jpg.rf.a39bb2a31ea4126218d5bb9518b17c8c.jpg,640,640,Tire,19,145,612,525
IMG_0681_JPEG_jpg.rf.a74dc842f2faec24db6d8d86859b50c7.jpg,640,640,Tire,212,188,368,387
gmc-yukon-truck-wheel-2831790_960_720_jpg.rf.b0d6fd1550a5426f4cb95310e37b2804.jpg,640,640,Tire,152,68,512,597
IMG_0766_JPEG_jpg.rf.b097251aa0957cd74c573fb73e375ab6.jpg,640,640,Tire,215,336,469,522
IMG_0652_JPEG_jpg.rf.a2346a9fddaaab548d35cd16fad066a5.jpg,640,640,Tire,77,278,458,542
IMG_0775_JPEG_jpg.rf.a5a2c1d71f352206ae78a9361e2a719b.jpg,640,640,Tire,203,178,372,304
wheel-2914269_960_720_jpg.rf.a0ec1f87c0434b37e6c5d324b76a9dfa.jpg,640,640,Tire,124,27,498,568
car-2854658_960_720_jpg.rf.a8e2e303d142d9fca7eb3f46ee9c758d.jpg,640,640,Tire,212,278,399,554
IMG_0936_JPEG_jpg.rf.a5fea1e4bb4173178e24b9103e7a7f9d.jpg,640,640,Tire,347,185,459,331
IMG_0731_JPEG_jpg.rf.a66369559765f45aad5a2c30ff3531a6.jpg,640,640,Tire,216,103,413,369
IMG_1017_JPEG_jpg.rf.b3118a3e5e44fdc7fc15ee3445c803a3.jpg,640,640,Tire,85,218,192,357
IMG_0757_JPEG_jpg.rf.b0f8df009cc4a8f2c5debdcf5a8305b0.jpg,640,640,Tire,322,286,456,455
IMG_0737_JPEG_jpg.rf.af782fbef3fde373921819cb5e696d9b.jpg,640,640,Tire,216,150,333,296
pexels-photo-9268653_jpeg_jpg.rf.a63aa570afc648c55d20b301e4ed6c1f.jpg,640,640,Tire,3,126,640,548
IMG_0804_JPEG_jpg.rf.bf92f5bf92cc254b74bde9250bb9c58b.jpg,640,640,Tire,163,157,352,295
IMG_1022_JPEG_jpg.rf.b4625aacffc7c807f98562101cf83015.jpg,640,640,Tire,77,240,194,388
IMG_0784_JPEG_jpg.rf.b3b0a0919f1724d88f97766d13c91b19.jpg,640,640,Tire,152,298,435,500
IMG_0926_JPEG_jpg.rf.b80f4537f8196d6bc1ffaa57613255b8.jpg,640,640,Tire,306,190,432,359
IMG_0786_JPEG_jpg.rf.ba06099b2dee40244b9b1e6aa3b554fe.jpg,640,640,Tire,290,170,461,298
IMG_0914_JPEG_jpg.rf.b5642b0ae047dd4ef02d032a50df2aae.jpg,640,640,Tire,292,169,416,331
14_20_l_jpg.rf.b7c93522978756cabc703257af601d1b.jpg,640,640,Tire,48,32,611,632
IMG_0833_JPEG_jpg.rf.b7c8678bf4ba01ab0e0c71bcb29fc050.jpg,640,640,Tire,144,133,398,467
IMG_0680_JPEG_jpg.rf.b73f5ade238fe63cdce30deb99dae337.jpg,640,640,Tire,203,95,497,470
rim-6727015_960_720_jpg.rf.c045e794f0c0f922346952766b087586.jpg,640,640,Tire,81,22,559,633
IMG_0678_JPEG_jpg.rf.c0df64bec45ac7d02273e1b0c3574f58.jpg,640,640,Tire,95,62,473,336
IMG_0923_JPEG_jpg.rf.bcb64efbe33e7e16966d39ee2d2885bf.jpg,640,640,Tire,266,111,385,267
IMG_0824_JPEG_jpg.rf.c48a31e4403f9a8f82fb9df84d3d1622.jpg,640,640,Tire,92,93,300,247
IMG_0740_JPEG_jpg.rf.bbcabb611ba98396d23ea048a33f8551.jpg,640,640,Tire,181,166,317,348
IMG_0748_JPEG_jpg.rf.b90b00871f4c280d4c3557b46e0332ec.jpg,640,640,Tire,210,208,312,345
pexels-photo-4635348_jpeg_jpg.rf.bfa60f32cac46f5cf19053cb25cec619.jpg,640,640,Tire,280,274,506,609
22_17_l_jpg.rf.bd785ac62e2ceeb121ff04b2b03ec314.jpg,640,640,Tire,61,5,621,634
IMG_0944_JPEG_jpg.rf.bfbdb5eeb06bf1b1429c39d4f413c3a4.jpg,640,640,Tire,116,179,259,367
IMG_0867_JPEG_jpg.rf.c125ee056b9cb823eb19063e03888f69.jpg,640,640,Tire,127,182,318,323
IMG_0890_JPEG_jpg.rf.c9a8cc8ea70e1ba1ac7f6f7f7742812e.jpg,640,640,Tire,188,292,385,555
IMG_0683_JPEG_jpg.rf.c1c078703bb957ac44a3f9fb83b6d668.jpg,640,640,Tire,206,157,451,334
IMG_0790_JPEG_jpg.rf.c58ed0f362a19bd2934c48b61a3f8245.jpg,640,640,Tire,301,221,478,345
IMG_0897_JPEG_jpg.rf.c8aed4e78cb7accab932fa76ea104c4b.jpg,640,640,Tire,108,51,262,252
pexels-photo-3954784_jpeg_jpg.rf.cb7823edc18743b24a27d78fde4a3ddd.jpg,640,640,Tire,42,150,616,533
pexels-photo-7522613_jpeg_jpg.rf.d09d43cc2ae7a5e7624db8f00fca2e25.jpg,640,640,Tire,225,299,525,530
IMG_0972_JPEG_jpg.rf.cdd34e5a807e440c622ff54097707114.jpg,640,640,Tire,378,110,456,213
pexels-photo-770536_jpeg_jpg.rf.cb2666cc17477d6ad4d3b38367d0bf5f.jpg,640,640,Tire,50,130,413,608
IMG_0899_JPEG_jpg.rf.c9e0eaa11a615fbc0a545dc2613c31d3.jpg,640,640,Tire,311,104,468,311
22_9_l_jpg.rf.d5a17bd092820b2481cd0076b230162c.jpg,640,640,Tire,37,1,603,636
IMG_0734_JPEG_jpg.rf.d0711e6577a126a04550fabbb3c6aba5.jpg,640,640,Tire,356,79,602,393
IMG_0993_JPEG_jpg.rf.d7594f238d9af0a1b1190b5251038a8c.jpg,640,640,Tire,298,211,502,474
IMG_0728_JPEG_jpg.rf.cbd8937dedd9cc1e185c44b38eee31e5.jpg,640,640,Tire,176,106,305,272
IMG_0707_JPEG_jpg.rf.d2724f58c34104f49c90c00436d223a3.jpg,640,640,Tire,129,272,543,566
IMG_0977_JPEG_jpg.rf.d41bb943e25cde19a7854cb121268df8.jpg,640,640,Tire,95,134,528,428
IMG_0999_JPEG_jpg.rf.bb96110e9aa17b74ec8ddda4670621d3.jpg,640,640,Tire,116,124,376,315
IMG_0726_JPEG_jpg.rf.d6a5b4bd716ed66fde233d100c49f601.jpg,640,640,Tire,296,151,387,262
IMG_1064_JPEG_jpg.rf.cbef9b448097b2d04e59f76edac6a2b9.jpg,640,640,Tire,71,119,595,504
IMG_0980_JPEG_jpg.rf.d7a7b11b7b8748f22b36160dcbc4642d.jpg,640,640,Tire,148,195,419,399
IMG_0632_JPEG_jpg.rf.d1a851795f4049906c872a6ec42009ee.jpg,640,640,Tire,135,18,499,490
IMG_0639_JPEG_jpg.rf.d3241015197a044f7aa3c5eb7630da03.jpg,640,640,Tire,87,76,476,562
IMG_0626_JPEG_jpg.rf.d8a8103f85915712ba528081912c72ef.jpg,640,640,Tire,197,179,406,450
14_19_l_jpg.rf.cac4ff3579e0d8de2a4e0cdef8f0bfa9.jpg,640,640,Tire,45,29,610,632
IMG_0781_JPEG_jpg.rf.d5114a0730b8f2e4c6b7bc942571b09a.jpg,640,640,Tire,157,214,474,449
IMG_0995_JPEG_jpg.rf.bded6ac1012e9b0b09476f0d82f5acd5.jpg,640,640,Tire,79,95,196,244
IMG_0958_JPEG_jpg.rf.d116939bcdf06e51d6d074a0b4ccdeea.jpg,640,640,Tire,268,108,395,272
car-3278002_960_720_jpg.rf.cdb587a0cbf7da1f1500a686cd479a69.jpg,640,640,Tire,175,122,458,539
IMG_0637_JPEG_jpg.rf.d2ebb8101274f7807169ac8fbbb850e2.jpg,640,640,Tire,163,198,419,519
IMG_0631_JPEG_jpg.rf.d9f86e114655b5f6898797b424859a00.jpg,640,640,Tire,134,243,401,585
IMG_0849_JPEG_jpg.rf.da482a1e897d02f7bd6dd5f252a449f8.jpg,640,640,Tire,268,260,495,562
IMG_1023_JPEG_jpg.rf.dcad7ee4cae612ba36036349121368d0.jpg,640,640,Tire,437,249,574,429
IMG_1024_JPEG_jpg.rf.de28e9dc3039bed3848f287e4874c2ca.jpg,640,640,Tire,135,223,268,403
IMG_0699_JPEG_jpg.rf.e279cae4df78346d7ec6653e302b6295.jpg,640,640,Tire,198,257,478,451
IMG_0655_JPEG_jpg.rf.e1b284edfecae9b3bda5da41eeefb089.jpg,640,640,Tire,279,311,381,434
pexels-photo-9661267_jpeg_jpg.rf.e0498a55f0499eb535c2a936bc03bd52.jpg,640,640,Tire,109,181,529,462
IMG_0809_JPEG_jpg.rf.e47305729c47b753efccfd77268131e2.jpg,640,640,Tire,84,192,388,419
wheel-280803_960_720_jpg.rf.e57f2c29ef4ed41e2de6fba7fb530d22.jpg,640,640,Tire,111,25,515,610
IMG_0965_JPEG_jpg.rf.e60dbc57c41a393008de4228b884ab1f.jpg,640,640,Tire,341,222,476,402
pexels-photo-2811496_jpeg_jpg.rf.dba1dc0bff473d48db05ee1d9586adaa.jpg,640,640,Tire,275,242,494,586
IMG_0675_JPEG_jpg.rf.e79757093b76ce4e618e949dcceb6959.jpg,640,640,Tire,117,133,403,490
20_19_l_jpg.rf.e26dec58e3c68b9a2356193a93c6845e.jpg,640,640,Tire,38,26,596,612
pexels-photo-6335960_jpeg_jpg.rf.defda9058c038a427e841ea6854c809b.jpg,640,640,Tire,208,345,565,587
pexels-photo-10474422_jpeg_jpg.rf.ebedfe9760cbbe325f202dcba494b93f.jpg,640,640,Tire,229,270,589,504
vw-2813334_960_720_jpg.rf.e6d636750b4d28c600618d0fb4ec4811.jpg,640,640,Tire,511,374,600,555
vw-2813334_960_720_jpg.rf.e6d636750b4d28c600618d0fb4ec4811.jpg,640,640,Tire,135,415,250,616
pexels-photo-9258999_jpeg_jpg.rf.e95702ae64d308e559e33bb13d26e2c2.jpg,640,640,Tire,192,265,469,470
IMG_0874_JPEG_jpg.rf.eef2cd1a92bdbd361ed84aa5d2fb7800.jpg,640,640,Tire,97,260,249,446
porsche-6751828_960_720_jpg.rf.edf85f9cca1e7bef70402dbef33bf32a.jpg,640,640,Tire,172,220,412,572
IMG_1057_JPEG_jpg.rf.ec894db7ede46866a45bbeaae3f0a46c.jpg,640,640,Tire,114,112,578,451
IMG_0943_JPEG_jpg.rf.e5ffc6da716f785b6c3dcc3376e821a8.jpg,640,640,Tire,253,201,373,359
IMG_0796_JPEG_jpg.rf.eb4f5d534211a0e26cde0c21de322221.jpg,640,640,Tire,236,176,592,430
IMG_0997_JPEG_jpg.rf.db498fb35517ed791469a00e8d4226a7.jpg,640,640,Tire,118,159,355,470
mercedes-1464855_960_720_jpg.rf.eb7b7bcf0fcae4385f352ba754fd1e3c.jpg,640,640,Tire,145,58,472,624
IMG_0825_JPEG_jpg.rf.f2478d9f7d45c16dd882b4975519c873.jpg,640,640,Tire,202,129,413,285
IMG_0869_JPEG_jpg.rf.f0a705ba65b97ce674a66d798c387c18.jpg,640,640,Tire,254,329,426,457
IMG_0880_JPEG_jpg.rf.e98ebea7a60c43a0121001be017e64a7.jpg,640,640,Tire,263,128,360,252
IMG_0624_JPEG_jpg.rf.f024f1251ee941db1c297acfcbdcea3d.jpg,640,640,Tire,243,169,440,417
IMG_0856_JPEG_jpg.rf.f6accf1a3d16421b7bd7fbfa2b1c7960.jpg,640,640,Tire,333,78,502,293
IMG_0924_JPEG_jpg.rf.f21a0702ea223a82caedcb25eb7dc53e.jpg,640,640,Tire,404,166,527,329
IMG_0876_JPEG_jpg.rf.f571b8d0342e677533733a86804d9d08.jpg,640,640,Tire,371,314,451,426
pexels-photo-10973538_jpeg_jpg.rf.f10168bfddf11637a112c0287653226d.jpg,640,640,Tire,67,238,531,542
IMG_0985_JPEG_jpg.rf.f7d36f919e16445c88cad383e683bd19.jpg,640,640,Tire,116,65,462,513
IMG_0979_JPEG_jpg.rf.f6d069e958b47a010e1a173f78914c58.jpg,640,640,Tire,182,252,367,386
IMG_0837_JPEG_jpg.rf.f77a67cc44052202bd987d3ad872a0c9.jpg,640,640,Tire,292,86,466,312
pexels-photo-5589378_jpeg_jpg.rf.f6e4aa896fdc129a8a353fd45b898203.jpg,640,640,Tire,99,297,427,505
IMG_0763_JPEG_jpg.rf.f9be574a4e9ad66740fe116328f33958.jpg,640,640,Tire,3,182,212,338
IMG_0635_JPEG_jpg.rf.fe7bbec3f2583ca1d1de7376abb4cf25.jpg,640,640,Tire,162,251,382,515
IMG_0953_JPEG_jpg.rf.f846ffa0641aac06b99aeed87db09276.jpg,640,640,Tire,333,167,492,379
IMG_0810_JPEG_jpg.rf.faa18dee25a46a5424e8790c7e93f7ea.jpg,640,640,Tire,333,179,549,336
IMG_0768_JPEG_jpg.rf.fd2ce85d45c7725d5c532693ff805397.jpg,640,640,Tire,247,198,556,420
IMG_1049_JPEG_jpg.rf.fc2cd579633c9747aaf08627e5610ac8.jpg,640,640,Tire,290,137,539,472
IMG_0831_JPEG_jpg.rf.f533e6e7c42979e172daa08bf188ab09.jpg,640,640,Tire,305,81,546,392
IMG_0815_JPEG_jpg.rf.f2a536a6bd885aaa3ed9aad30e317aac.jpg,640,640,Tire,272,197,434,320
IMG_0887_JPEG_jpg.rf.ff265dba66458fc6adda1f0c87e3c4ba.jpg,640,640,Tire,366,159,508,346
tire-2299123_960_720_jpg.rf.f7cf7c0a4af48b39d1c932cf4d866f13.jpg,640,640,Tire,100,25,538,612
IMG_0998_JPEG_jpg.rf.f3394b0764dbe912ea3063fef9a60dae.jpg,640,640,Tire,82,140,293,429
IMG_0954_JPEG_jpg.rf.ff543ba90ad580985e1e92a35b77402c.jpg,640,640,Tire,423,122,535,268
IMG_0761_JPEG_jpg.rf.f76bb89fa1f8e5df35b8f3b7a9174a5d.jpg,640,640,Tire,242,236,396,442
IMG_1029_JPEG_jpg.rf.fb0b1b32a4ed67c83a62c11a4ab5236b.jpg,640,640,Tire,309,218,443,398
IMG_1029_JPEG_jpg.rf.fb0b1b32a4ed67c83a62c11a4ab5236b.jpg,640,640,Tire,135,209,269,383
IMG_0818_JPEG_jpg.rf.fb522c2420f7865782825eea7935032e.jpg,640,640,Tire,125,209,386,411
IMG_0947_JPEG_jpg.rf.ff6103c87c5c3a487b8da1f145471735.jpg,640,640,Tire,385,175,519,352
pexels-photo-9703819_jpeg_jpg.rf.00c91144db7e5bb9e603f9a44240a899.jpg,640,640,Tire,167,234,450,568
pexels-photo-7663129_jpeg_jpg.rf.0372054030b99a99742611e9dc8d8162.jpg,640,640,Tire,170,93,482,632
IMG_1065_JPEG_jpg.rf.00925e1c60a19fb019a99172587a5cc3.jpg,640,640,Tire,72,140,586,522
pexels-photo-6152806_jpeg_jpg.rf.0194b12da0a98882bedbaa9ea207b6fd.jpg,640,640,Tire,89,195,532,481
IMG_0908_JPEG_jpg.rf.00dbfd6309130fb774a47390c647605e.jpg,640,640,Tire,359,161,503,353
IMG_0799_JPEG_jpg.rf.061bca8832b559a2165c1c3fb8ae23fd.jpg,640,640,Tire,242,168,436,312
IMG_0783_JPEG_jpg.rf.029382e87bf5dc76ce6560117c4cb8a8.jpg,640,640,Tire,197,139,363,264
IMG_1002_JPEG_jpg.rf.004d8dad2402d72b40b1b0f62fdfc128.jpg,640,640,Tire,280,241,394,378
IMG_0822_JPEG_jpg.rf.0c7c6a234fb60f294eadfd3ed5536c46.jpg,640,640,Tire,258,138,495,311
IMG_0892_JPEG_jpg.rf.01e145175884d103db3a2d8399f93f4a.jpg,640,640,Tire,292,293,478,535
zero-3643262_960_720_jpg.rf.0f1bc0654dfafebab694629df6577349.jpg,640,640,Tire,163,93,503,564
IMG_0916_JPEG_jpg.rf.103f86a4155653254894cb08c6c5958a.jpg,640,640,Tire,422,142,539,293
IMG_0978_JPEG_jpg.rf.085050b3086adf9f47547edb376e8034.jpg,640,640,Tire,189,228,413,389
pexels-photo-7394828_jpeg_jpg.rf.0e1b733244395339111165ff7135572b.jpg,640,640,Tire,178,334,419,523
IMG_1055_JPEG_jpg.rf.0bcd818a0917a514b4500f892104f7d8.jpg,640,640,Tire,247,152,542,532
IMG_1013_JPEG_jpg.rf.0de7d98e4639861ef02493607da53a28.jpg,640,640,Tire,240,135,458,419
IMG_0777_JPEG_jpg.rf.097e64a8adac047fb79c3fd6b8ff2cbf.jpg,640,640,Tire,253,204,432,331
IMG_0671_JPEG_jpg.rf.0cb0c6c48cb3631e06ae4458701fd19e.jpg,640,640,Tire,275,154,504,438
IMG_0778_JPEG_jpg.rf.0a0bf93908682b6d0116e4188f825de2.jpg,640,640,Tire,110,222,485,502
IMG_0975_JPEG_jpg.rf.10e0df6aefb06d78899feb9fee092bea.jpg,640,640,Tire,180,90,398,256
IMG_0723_JPEG_jpg.rf.0fd1d9e5ca13b2681bc8418f5362c544.jpg,640,640,Tire,190,195,265,290
IMG_0723_JPEG_jpg.rf.0fd1d9e5ca13b2681bc8418f5362c544.jpg,640,640,Tire,507,194,582,291
pexels-photo-5625481_jpeg_jpg.rf.0f8d588125a7f3f4c327ae709815c14e.jpg,640,640,Tire,76,144,581,468
IMG_0727_JPEG_jpg.rf.0fd377dc8ebaf34b16d06bb7cc4080bd.jpg,640,640,Tire,264,145,388,308
IMG_0873_JPEG_jpg.rf.13b25f5a07627ad4172a19f205e3c331.jpg,640,640,Tire,172,248,390,522
IMG_0713_JPEG_jpg.rf.1687ecab4a99e04b04754e05b4f05ea4.jpg,640,640,Tire,59,238,373,470
IMG_0751_JPEG_jpg.rf.148db7285b0e885d105b5e8145a3f8fd.jpg,640,640,Tire,181,177,317,355
20_6_l_jpg.rf.1549e2e54d3ecd5b38e52c34aac878c8.jpg,640,640,Tire,73,28,618,609
IMG_0668_JPEG_jpg.rf.0ee9449e5baa1fdb6c8f1670b9c563e1.jpg,640,640,Tire,215,129,467,454
IMG_1038_JPEG_jpg.rf.1902a089ad960b6e0b6b9522aa95d9b7.jpg,640,640,Tire,350,167,430,270
IMG_1067_JPEG_jpg.rf.1860daff986835701f30075bd0de68f1.jpg,640,640,Tire,0,142,626,590
IMG_0705_JPEG_jpg.rf.14a98d55cf5e0340307607b428fe7ca3.jpg,640,640,Tire,59,245,502,568
IMG_0885_JPEG_jpg.rf.0a92e15a4a08af4d3b5641f60db1257f.jpg,640,640,Tire,85,208,190,350
IMG_0744_JPEG_jpg.rf.15cf95a813790cd3807eeb07adbe21f6.jpg,640,640,Tire,265,171,397,346
IMG_0819_JPEG_jpg.rf.16fea48a53f24c94d8b2087a37d24f63.jpg,640,640,Tire,96,178,358,378
pexels-photo-4996775_jpeg_jpg.rf.198cc273bdbb8106f52ae642e620280a.jpg,640,640,Tire,258,103,550,526
14_5_l_jpg.rf.19295c66a3a802edc4b3e752ea1867e1.jpg,640,640,Tire,50,36,599,630
IMG_0841_JPEG_jpg.rf.2202ec5f945a60cac82b6384dabfa3e4.jpg,640,640,Tire,326,137,560,448
IMG_0811_JPEG_jpg.rf.210a66ffe62f43c26c38c78f114324d6.jpg,640,640,Tire,349,205,557,359
20_l_jpg.rf.19928df42b11a5c324c2a9c0c7a2bcd5.jpg,640,640,Tire,40,3,638,639
IMG_0704_JPEG_jpg.rf.1fa1cfd7f419bb33201e5f1216770fbd.jpg,640,640,Tire,90,217,475,488
mature-5269636_960_720_jpg.rf.1a3489f7d67300602f776589b1a5c827.jpg,640,640,Tire,112,28,501,585
IMG_0754_JPEG_jpg.rf.1e4b88eee2797c1d388c8ad4e0bf571a.jpg,640,640,Tire,137,167,245,319
IMG_1062_JPEG_jpg.rf.23c427432c0fb24003eb80474db28124.jpg,640,640,Tire,103,90,466,579
IMG_1007_JPEG_jpg.rf.2b74507309ae0e49ea06b5f19b407aa9.jpg,640,640,Tire,232,119,436,379
pexels-photo-8676287_jpeg_jpg.rf.254e06f7e16cfa7342fa686f95914210.jpg,640,640,Tire,228,195,399,306
pexels-photo-8569721_jpeg_jpg.rf.272de2f58734cfe2b26b5deb24aeaca6.jpg,640,640,Tire,0,410,434,638
wheel-1492906_960_720_jpg.rf.289a4fd8afbafb79a3e53637d4fc8ed3.jpg,640,640,Tire,153,25,505,632
IMG_0830_JPEG_jpg.rf.26da07ec9a19421f72516cdf923ca88b.jpg,640,640,Tire,258,74,395,180
IMG_0853_JPEG_jpg.rf.2f3eddf3b69a8d564354893f91e97a8c.jpg,640,640,Tire,155,96,310,296
IMG_0643_JPEG_jpg.rf.2f0b1721e67bff66f1b4ac48fef92bcc.jpg,640,640,Tire,90,74,498,580
IMG_0756_JPEG_jpg.rf.22899c4f30405e93325261ce416ab274.jpg,640,640,Tire,376,313,513,493
20_7_l_jpg.rf.1994685a19e91256ea3df52565e0a394.jpg,640,640,Tire,60,28,615,608
IMG_1008_JPEG_jpg.rf.2de5deb2107b0ce9847542791f13b579.jpg,640,640,Tire,131,100,414,442
pexels-photo-9610521_jpeg_jpg.rf.2b292d5c352185a0d76f4c53741f8324.jpg,640,640,Tire,208,273,462,481
IMG_0910_JPEG_jpg.rf.2a1f6eea8ad0561c620ee61874f4e8b1.jpg,640,640,Tire,149,17,309,221
IMG_1003_JPEG_jpg.rf.23edfd4fa19d9094080024d5aa8252e3.jpg,640,640,Tire,230,242,338,379
pexels-photo-9575870_jpeg_jpg.rf.2f7e6c5e8312aec75289d204bcd3aff0.jpg,640,640,Tire,148,75,484,554
IMG_1020_JPEG_jpg.rf.2a7b4355ba95cf1d254a3801e1c34c03.jpg,640,640,Tire,334,251,468,424
9_l_jpg.rf.2fedad74244a8bc82d7065fa36133739.jpg,640,640,Tire,24,0,617,638
IMG_0647_JPEG_jpg.rf.2fc12666e0f4554a783c0bd13824d4e0.jpg,640,640,Tire,156,166,455,557
IMG_0711_JPEG_jpg.rf.2fae50692e5710346948bd1ec976dc1c.jpg,640,640,Tire,110,290,445,536
pexels-photo-3954429_jpeg_jpg.rf.23b490440d125b65562f5da288d7145f.jpg,640,640,Tire,195,302,418,583
pexels-photo-5516076_jpeg_jpg.rf.30f14fe03e59ef992b9eb050ea764981.jpg,640,640,Tire,198,410,513,616
IMG_0714_JPEG_jpg.rf.2feff303926f9e4cd01876f2e194fb6b.jpg,640,640,Tire,79,238,396,464
mature-254126_960_720_jpg.rf.2e31ef04054003b79eb2911adc8ef59c.jpg,640,640,Tire,68,25,528,629
IMG_0677_JPEG_jpg.rf.33d7386283b52f2a06847a46616b1dc8.jpg,640,640,Tire,68,40,407,283
IMG_0695_JPEG_jpg.rf.32ed11450454c4a2741ac8dac7e0227f.jpg,640,640,Tire,279,254,446,375
lamborghini-371788_960_720_jpg.rf.399e2fc1dded2a5074ff47b451351b43.jpg,640,640,Tire,124,143,461,605
pexels-photo-221201_jpeg_jpg.rf.349adaf3de69c4a7e8155810489b943d.jpg,640,640,Tire,356,404,475,578
pexels-photo-221201_jpeg_jpg.rf.349adaf3de69c4a7e8155810489b943d.jpg,640,640,Tire,38,379,127,527
IMG_0946_JPEG_jpg.rf.3873d2bec39d86caafcebeac2c689c7d.jpg,640,640,Tire,209,181,346,362
IMG_0646_JPEG_jpg.rf.36a49a29fb0cfce70e8af38cce0322c7.jpg,640,640,Tire,106,176,408,549
pexels-photo-10014317_jpeg_jpg.rf.3501931aa140239b2bdf956bd43e4c3b.jpg,640,640,Tire,295,278,582,485
IMG_0789_JPEG_jpg.rf.36f9317be4b3bf1847099e0531dd5bd6.jpg,640,640,Tire,444,199,616,327
IMG_0931_JPEG_jpg.rf.39ee3d9351304f5b0d82328791b9a4c4.jpg,640,640,Tire,490,186,612,342
IMG_0932_JPEG_jpg.rf.3615c4e72849ced12cf4f5ecee291cc0.jpg,640,640,Tire,265,183,384,335
IMG_0806_JPEG_jpg.rf.3cb3112f214d4f79b05b6f42924dcb96.jpg,640,640,Tire,246,124,535,310
IMG_0821_JPEG_jpg.rf.3a9b1bc22cbd47daaf74f20ade2ca17c.jpg,640,640,Tire,318,65,554,238
20_5_l_jpg.rf.3395e175641a7043957a322dad301e6c.jpg,640,640,Tire,94,26,615,617
pexels-photo-6513974_jpeg_jpg.rf.3815f88ec5d646093951879fcd997b58.jpg,640,640,Tire,108,220,577,568
IMG_0752_JPEG_jpg.rf.305220f11b70bf6a1fc7511ef0f4c344.jpg,640,640,Tire,246,141,372,315
IMG_0664_JPEG_jpg.rf.3d8663575391308e373096423134c63a.jpg,640,640,Tire,160,108,534,387
pexels-photo-241197_jpeg_jpg.rf.3ee7669a13647fa81988fcb1b50fa547.jpg,640,640,Tire,170,124,442,598
IMG_0759_JPEG_jpg.rf.13557d92e4c29e1fefbacc102d473ac5.jpg,640,640,Tire,375,252,543,466
tyre-288631_960_720_jpg.rf.3e20681a2c44694f1b0ec7d9f6167091.jpg,640,640,Tire,0,10,625,632
pexels-photo-627724_jpeg_jpg.rf.4103d4602e0b6aae4116babd6d7d852b.jpg,640,640,Tire,455,278,540,411
pexels-photo-627724_jpeg_jpg.rf.4103d4602e0b6aae4116babd6d7d852b.jpg,640,640,Tire,122,288,206,414
20_17_l_jpg.rf.3fca229166e4c3ad179743e89a96358b.jpg,640,640,Tire,69,26,586,612
IMG_0934_JPEG_jpg.rf.398978c8f42631c7e95d54ec79c1cf7e.jpg,640,640,Tire,131,392,285,592
IMG_0787_JPEG_jpg.rf.3dfc5b22509cd90b501956dee50bf4df.jpg,640,640,Tire,132,162,501,429
IMG_0721_JPEG_jpg.rf.3d8370a6f810df9fbd07c9529de70fa3.jpg,640,640,Tire,323,174,420,292
pexels-photo-11110409_jpeg_jpg.rf.42ddbc669699b7697c888077a188d862.jpg,640,640,Tire,129,415,328,554
IMG_0634_JPEG_jpg.rf.4183c997188412ed143b4e79bf3ee9ab.jpg,640,640,Tire,211,212,403,438
IMG_0667_JPEG_jpg.rf.3f85e9ac49a01369b443ca88d7b64703.jpg,640,640,Tire,64,189,318,512
IMG_0855_JPEG_jpg.rf.430eeccec9d4ae32301c5910c4b66861.jpg,640,640,Tire,289,203,411,354
IMG_1015_JPEG_jpg.rf.40fe9642c8d38920732e036b872ab13c.jpg,640,640,Tire,248,199,450,455
pexels-photo-8588655_jpeg_jpg.rf.44f9a5b6262ebf313e5d17b553203bac.jpg,640,640,Tire,227,221,422,356
IMG_0955_JPEG_jpg.rf.475e5267c67c9ccec5c2223fe0d9768a.jpg,640,640,Tire,346,104,471,264
IMG_0962_JPEG_jpg.rf.3f3910af09d51837912471e55e95c51f.jpg,640,640,Tire,245,36,369,199
IMG_0868_JPEG_jpg.rf.45d84526686076dccb7bc0830539651c.jpg,640,640,Tire,301,91,473,224
pexels-photo-4870703_jpeg_jpg.rf.418bf8a948ad608b5d976f56beb1090f.jpg,640,640,Tire,43,59,372,565
opel-4332270_960_720_jpg.rf.33d9fb18cd3379fd0063ffde2aa09697.jpg,640,640,Tire,176,153,472,576
IMG_0702_JPEG_jpg.rf.4cb8e1d1e3b7915efad77e379844472f.jpg,640,640,Tire,125,257,441,488
pexels-photo-5976646_jpeg_jpg.rf.48e70f7beb4495d3b5f47989e76a0d4e.jpg,640,640,Tire,241,312,467,479
IMG_0857_JPEG_jpg.rf.4ac6c0d7eabf6533b2cfbb19d22814a9.jpg,640,640,Tire,225,180,417,426
IMG_0679_JPEG_jpg.rf.4fb45f62105bae99d783c32e48fb2c47.jpg,640,640,Tire,260,72,549,443
IMG_0689_JPEG_jpg.rf.4399ef2026f2d2499b4da2ad2fdc32c0.jpg,640,640,Tire,238,283,540,489
tires-715357_960_720_jpg.rf.4bd79075266537eea86d7efcfa1f6295.jpg,640,640,Tire,238,36,612,573
IMG_1060_JPEG_jpg.rf.3f275beefbbac1908e72f68672f4c405.jpg,640,640,Tire,164,116,536,590
IMG_0800_JPEG_jpg.rf.41c1c7feea15754ddac85b76a20ef5bb.jpg,640,640,Tire,143,209,435,429
IMG_0669_JPEG_jpg.rf.4ffdda316e3ca2890f5286280bf049a0.jpg,640,640,Tire,137,169,375,495
IMG_0858_JPEG_jpg.rf.4f54cf947adb130fd10751bb61316448.jpg,640,640,Tire,201,172,428,460
IMG_0859_JPEG_jpg.rf.48d1281e27f263ef7a77260f58e8de6a.jpg,640,640,Tire,182,98,444,433
IMG_1048_JPEG_jpg.rf.5341d04617dfd984e658fc20cafc78d7.jpg,640,640,Tire,242,90,456,358
IMG_1052_JPEG_jpg.rf.506b5e5ff66eee85363cb67cc605fff0.jpg,640,640,Tire,224,131,484,474
22_6_l_jpg.rf.4ff880ee35bd3e8ef9f79017279438cb.jpg,640,640,Tire,38,5,622,634
pexels-photo-8206680_jpeg_jpg.rf.50ccfdc3e2507dec1f10137c3f52714d.jpg,640,640,Tire,202,299,425,587
IMG_0729_JPEG_jpg.rf.525d3b1710a28e2c0b8a2168256a6efb.jpg,640,640,Tire,255,161,384,327
IMG_0738_JPEG_jpg.rf.5424d4f18d5f1a3602fd5cf5d9c6d595.jpg,640,640,Tire,334,161,466,336
IMG_0722_JPEG_jpg.rf.54e1022baad36524cea637327de8063d.jpg,640,640,Tire,433,205,516,308
IMG_0693_JPEG_jpg.rf.59e89d43e2b8b2ef56ec72309a06b3a8.jpg,640,640,Tire,179,259,593,544
custom-rims-2828413_960_720_jpg.rf.5c9f051c028139ad05d6040def00028e.jpg,640,640,Tire,108,28,530,609
wheel-3763734_960_720_jpg.rf.5d66eb0fbc90e7fefcf4e74c66f6b7e1.jpg,640,640,Tire,111,26,505,609
IMG_0882_JPEG_jpg.rf.54a24550bf6faab0385072332ab356e6.jpg,640,640,Tire,252,194,334,298
pexels-photo-244207_jpeg_jpg.rf.6132ec1d1c0079db2a3f706af9d53be4.jpg,640,640,Tire,166,80,448,606
IMG_0919_JPEG_jpg.rf.5720e4669d88458eb55ff6e94ebb271b.jpg,640,640,Tire,153,146,276,303
pexels-photo-11090856_jpeg_jpg.rf.57ecf7c5a1fba9647fb0c7aa58aac231.jpg,640,640,Tire,286,342,429,453
IMG_1056_JPEG_jpg.rf.6037808d55e5223563caa372c2f14c6f.jpg,640,640,Tire,259,165,570,576
pexels-photo-250307_jpeg_jpg.rf.65602318014afbf012e182d6922d00da.jpg,640,640,Tire,298,107,600,638
pexels-photo-6194275_jpeg_jpg.rf.62538daa4d6677d119c9b7bd614402cd.jpg,640,640,Tire,12,287,520,619
pexels-photo-6194275_jpeg_jpg.rf.62538daa4d6677d119c9b7bd614402cd.jpg,640,640,Tire,125,146,177,200
IMG_0891_JPEG_jpg.rf.5891bd26577785853f7886b3b0951fea.jpg,640,640,Tire,281,183,510,482
IMG_1019_JPEG_jpg.rf.583df95068c72846b21dbee1784d9352.jpg,640,640,Tire,386,248,522,422
IMG_0854_JPEG_jpg.rf.59612e477da2cb6d16d1497f4594fbe6.jpg,640,640,Tire,254,258,374,416
IMG_0925_JPEG_jpg.rf.665aa4a7266365d397bf3edb8a55336b.jpg,640,640,Tire,293,148,419,319
IMG_1051_JPEG_jpg.rf.5981f9a7ca57ab7fbd9357b81ddaade0.jpg,640,640,Tire,220,103,489,469
pexels-photo-9331831_jpeg_jpg.rf.5a7fe5b438aab82a73fb89096a099e14.jpg,640,640,Tire,171,165,432,537
pexels-photo-2611707_jpeg_jpg.rf.591dc2699330d9d528d2eab4b1789927.jpg,640,640,Tire,180,270,418,607
IMG_0832_JPEG_jpg.rf.5c8349de72aafd3b489982f0ef86a1e4.jpg,640,640,Tire,255,142,510,475
pexels-photo-9090006_jpeg_jpg.rf.678bfb9a3b06edbbf4c0a8a7ff5b36da.jpg,640,640,Tire,49,332,328,512
pexels-photo-5759867_jpeg_jpg.rf.68e6a48642d23fa538752d07f1b9cb5c.jpg,640,640,Tire,114,18,521,618
IMG_1012_JPEG_jpg.rf.56f81612e9505c129769856e16c5d7ad.jpg,640,640,Tire,89,29,528,605
IMG_0657_JPEG_jpg.rf.6199838345aba9f3fb0e723dbb376b94.jpg,640,640,Tire,264,314,544,515
IMG_0922_JPEG_jpg.rf.67923128995b5eeeb6d27e7a8131b074.jpg,640,640,Tire,338,32,476,214
pexels-photo-8419076_jpeg_jpg.rf.6ac4fb9de46921db226e3ebcd4acdf80.jpg,640,640,Tire,13,114,613,508
IMG_0674_JPEG_jpg.rf.59a12fb711f9514e7ffda4baf6f41627.jpg,640,640,Tire,249,211,402,412
pexels-photo-8190583_jpeg_jpg.rf.6b9fd82fe5e490448e970fb89372be85.jpg,640,640,Tire,204,348,459,549
IMG_0644_JPEG_jpg.rf.6bfb4b68773c4346d2ebb1a1a96b5a8d.jpg,640,640,Tire,134,49,452,471
pexels-photo-6905638_jpeg_jpg.rf.6aa0b86151fe43c1178418bae0577863.jpg,640,640,Tire,70,148,512,479
IMG_0676_JPEG_jpg.rf.5fe64ab7751e535d8a966898075699cf.jpg,640,640,Tire,33,199,282,512
IMG_0747_JPEG_jpg.rf.6b6b2b79c2684ca14c836dc785bef794.jpg,640,640,Tire,196,121,347,322
IMG_0901_JPEG_jpg.rf.6b626c616a8a53ce42b4130dfc994a63.jpg,640,640,Tire,310,112,453,301
IMG_0990_JPEG_jpg.rf.72c911c399f9bbb548f474dba5900136.jpg,640,640,Tire,215,301,326,442
8_l_jpg.rf.7109425c3f54baf6faf993a98063c982.jpg,640,640,Tire,19,1,636,639
IMG_0709_JPEG_jpg.rf.7cb613ac8f904ad272ff7657e1692154.jpg,640,640,Tire,152,320,473,542
IMG_0739_JPEG_jpg.rf.720a8f6414f98b93c87ae3c997cc64d4.jpg,640,640,Tire,229,180,363,354
IMG_0801_JPEG_jpg.rf.73035e3c7a1c88dbf4fa25715790f101.jpg,640,640,Tire,172,99,357,242
pexels-photo-10533680_jpeg_jpg.rf.750ea6487a824d63c12076b69d744ef4.jpg,640,640,Tire,242,381,409,484
corvette-1710925_960_720_jpg.rf.76b3d3d97ea6163ba856a5faaa14c094.jpg,640,640,Tire,98,243,532,522
IMG_1025_JPEG_jpg.rf.77859246b157b52b5573d6c97bef89ba.jpg,640,640,Tire,301,272,430,435
22_5_l_jpg.rf.71e6626d0c866e75d6e5143f71d37706.jpg,640,640,Tire,59,3,616,635
IMG_0690_JPEG_jpg.rf.7e620a4e2e204c33a4b0030a0529fbe9.jpg,640,640,Tire,159,306,465,526
pexels-photo-7909021_jpeg_jpg.rf.754aad1efb62e56fcaf9b59189e38cbd.jpg,640,640,Tire,16,109,324,598
rim-8_960_720_jpg.rf.7b47e9bd234c8c4e872e770df340a9c3.jpg,640,640,Tire,77,28,526,608
car-1744910_960_720_jpg.rf.78e1cc57cf522c3c5d71f40b769f5a15.jpg,640,640,Tire,130,64,519,627
IMG_0745_JPEG_jpg.rf.80a5c3f75afcb57f9d77e40e735fff72.jpg,640,640,Tire,238,191,372,364
IMG_0688_JPEG_jpg.rf.824dad46e3a495b63e5c40e1e3c41f67.jpg,640,640,Tire,125,213,420,416
IMG_0687_JPEG_jpg.rf.824980820714b224af5117f8f1824d5a.jpg,640,640,Tire,197,250,352,359
IMG_1034_JPEG_jpg.rf.7ef895675b26277244a24234f8c41c4c.jpg,640,640,Tire,225,121,320,245
porsche-3616726_960_720_jpg.rf.7a1690e90413364840fc5e87020b3c2c.jpg,640,640,Tire,71,45,525,627
IMG_1035_JPEG_jpg.rf.8016682fe982b084c9a54041c1543296.jpg,640,640,Tire,455,203,587,372
IMG_0719_JPEG_jpg.rf.7f6368a8dcd04161e5c1d9696232bce0.jpg,640,640,Tire,354,208,452,322
IMG_0715_JPEG_jpg.rf.72071517dc9b236c2c1eb6bf99490b77.jpg,640,640,Tire,88,215,381,427
IMG_0989_JPEG_jpg.rf.8136cfb822d03c0789ce0f94c7192e77.jpg,640,640,Tire,7,191,135,354
IMG_0701_JPEG_jpg.rf.8126939a181b80ce8ea9982702d4516d.jpg,640,640,Tire,65,241,458,530
pexels-photo-5411683_jpeg_jpg.rf.860db68abefc0ff12eef12ea1991a916.jpg,640,640,Tire,116,8,532,617
IMG_1050_JPEG_jpg.rf.86e0e8d1b0b6a35759951b33f969e05a.jpg,640,640,Tire,218,127,504,502
IMG_0750_JPEG_jpg.rf.84388a3c11e87478026566e6b4694165.jpg,640,640,Tire,219,176,367,370
IMG_0703_JPEG_jpg.rf.88ca6c1049965841f8fb11ccd7242afe.jpg,640,640,Tire,66,221,520,555
IMG_0951_JPEG_jpg.rf.874df44818975650f23f8eca3effd12d.jpg,640,640,Tire,409,218,592,456
pexels-photo-9390465_jpeg_jpg.rf.84408551cecd90dc21233ba1939139b2.jpg,640,640,Tire,111,180,542,452
IMG_1054_JPEG_jpg.rf.8aaf2e22b6b5b73b17be97c7be837143.jpg,640,640,Tire,191,166,447,514
used-2828429_960_720_jpg.rf.7da6258bf772b604bbef67b91a979c92.jpg,640,640,Tire,210,256,455,619
IMG_0656_JPEG_jpg.rf.844b8f25d0337dfbdd76bb2d1b38fd7c.jpg,640,640,Tire,118,292,521,570
IMG_0673_JPEG_jpg.rf.8a8ba76b7d3030a8ea892e774b3cfabf.jpg,640,640,Tire,229,201,380,398
IMG_1033_JPEG_jpg.rf.8ae45d6c7523cee2be1ff9f627d26d6e.jpg,640,640,Tire,132,302,203,400
IMG_1033_JPEG_jpg.rf.8ae45d6c7523cee2be1ff9f627d26d6e.jpg,640,640,Tire,443,323,522,422
IMG_0779_JPEG_jpg.rf.8bac928209213d47e23a86de00f579cd.jpg,640,640,Tire,90,165,442,425
IMG_0907_JPEG_jpg.rf.8cfa1b0506692b8f84f0a7454a9c132c.jpg,640,640,Tire,396,240,564,454
pexels-photo-8886301_jpeg_jpg.rf.8d337885cdfcfec08793e20074fcb212.jpg,640,640,Tire,144,18,490,615
IMG_1006_JPEG_jpg.rf.876855fb77fc2ca856413a4bbb820cc7.jpg,640,640,Tire,161,100,347,346
tractor-1548779_960_720_jpg.rf.88d92809b6237bf56792af3e92d55d93.jpg,640,640,Tire,139,416,219,573
tractor-1548779_960_720_jpg.rf.88d92809b6237bf56792af3e92d55d93.jpg,640,640,Tire,233,413,316,573
14_6_l_jpg.rf.94007f0200bac833ee594eeadc44d364.jpg,640,640,Tire,36,32,598,630
IMG_0636_JPEG_jpg.rf.90e06a4b7e64f8abf01c237bc6b9ac5d.jpg,640,640,Tire,190,156,413,432
IMG_0915_JPEG_jpg.rf.8e58580f683806d64aadda2b7640a67c.jpg,640,640,Tire,20,203,120,331
IMG_0915_JPEG_jpg.rf.8e58580f683806d64aadda2b7640a67c.jpg,640,640,Tire,449,179,548,307
pexels-dvisuals-9883386_jpg.rf.905397475b3548d0a8a59671957e10ce.jpg,640,640,Tire,282,245,535,492
IMG_0696_JPEG_jpg.rf.8be55c1aa958aefe403399dcdd1fecab.jpg,640,640,Tire,29,269,297,463
IMG_0866_JPEG_jpg.rf.941d975c80ccd26a289b2fe34135e13e.jpg,640,640,Tire,377,137,566,277
IMG_0684_JPEG_jpg.rf.8f0519a2f3a9b7f4b96d37ac2596dbe1.jpg,640,640,Tire,205,138,439,311
20_18_l_jpg.rf.92007c181d89754e810a468759a271ec.jpg,640,640,Tire,45,25,593,612
IMG_0665_JPEG_jpg.rf.90952047041976b10065f1c7c93cb8c6.jpg,640,640,Tire,192,217,448,397
IMG_0807_JPEG_jpg.rf.903ce900b007632acda1e3e7a9a154fb.jpg,640,640,Tire,355,239,614,428
IMG_0691_JPEG_jpg.rf.8d91ab669cac9e8b1df9893e1e1d6443.jpg,640,640,Tire,119,248,519,530
IMG_0920_JPEG_jpg.rf.8e64795de85746dab9daedb9c6e7437f.jpg,640,640,Tire,362,149,500,332